transaction_id,account_id,transaction_date,amount,category,currency,status
TXN00001,ACC140,2024-01-01,18789.55,Tax,USD,POSTED
TXN00002,ACC107,2024-01-01,54671.736,OpEx,USD,POSTED
TXN00003,ACC101,2024-01-01,36626.5,AR,USD,POSTED
TXN00004,ACC147,2024-01-01,29973.06,Revenue,USD,POSTED
TXN00005,ACC117,2024-01-01,9068.1295,AR,EUR,POSTED
TXN00006,ACC115,2024-01-01,7884.13,Revenue,USD,POSTED
TXN00007,ACC114,2024-01-01,2998.37,COGS,EUR,POSTED
TXN00008,ACC108,2024-01-01,43322.19,Revenue,USD,POSTED
TXN00009,ACC147,2024-01-01,30095.64,Tax,GBP,POSTED
TXN00010,ACC106,2024-01-01,35432.82,OpEx,USD,POSTED
TXN00011,ACC143,2024-01-01,1127.17,COGS,USD,POSTED
TXN00012,ACC147,2024-01-01,48498.5,Revenue,USD,POSTED
TXN00013,ACC134,2024-01-01,41638.89,AR,EUR,POSTED
TXN00014,ACC105,2024-01-01,10695.72,COGS,USD,POSTED
TXN00015,ACC137,2024-01-01,9173.07,COGS,EUR,POSTED
TXN00016,ACC127,2024-01-01,9251.89,Revenue,USD,POSTED
TXN00017,ACC102,2024-01-01,15281.69,COGS,USD,POSTED
TXN00018,ACC101,2024-01-01,26285.35,AR,USD,POSTED
TXN00019,ACC105,2024-01-01,21654.06,COGS,USD,POSTED
TXN00020,ACC113,2024-01-01,14632.33,AR,USD,POSTED
TXN00021,ACC114,2024-01-01,30631.46,Revenue,GBP,POSTED
TXN00022,ACC132,2024-01-01,7060.74,OpEx,GBP,POSTED
TXN00023,ACC138,2024-01-01,14678.02,COGS,GBP,POSTED
TXN00024,ACC101,2024-01-01,18381.46,OpEx,EUR,POSTED
TXN00025,ACC135,2024-01-02,22857.89,AR,USD,POSTED
TXN00027,ACC145,2024-01-02,10063.72,Tax,USD,POSTED
TXN00028,ACC141,2024-01-02,25760.3,OpEx,EUR,POSTED
TXN00029,ACC144,2024-01-02,29661.49,COGS,USD,POSTED
TXN00030,ACC134,2024-01-02,2417.88,OpEx,USD,POSTED
TXN00031,ACC126,2024-01-02,30416.49,COGS,USD,POSTED
TXN00032,ACC114,2024-01-02,8609.15,UNKNOWN,USD,POSTED
TXN00033,ACC128,2024-01-02,3346.07,OpEx,EUR,POSTED
TXN00034,ACC137,2024-01-02,47449.39,Tax,EUR,POSTED
TXN00035,ACC117,2024-01-02,48285.04,Tax,USD,POSTED
TXN00036,ACC100,2024-01-02,40439.03,AR,GBP,POSTED
TXN00037,ACC148,2024-01-02,15300.23,COGS,USD,POSTED
TXN00038,ACC110,2024-01-02,4973.84,OpEx,USD,POSTED
TXN00039,ACC144,2024-01-02,34243.23,AR,USD,POSTED
TXN00040,ACC127,2024-01-02,22063.61,OpEx,USD,POSTED
TXN00041,ACC121,2024-01-02,6189.71,COGS,USD,POSTED
TXN00043,ACC109,2024-01-02,1815.99,Revenue,USD,POSTED
TXN00044,ACC113,2024-01-02,45475.09,Tax,EUR,POSTED
TXN00045,ACC148,2024-01-02,13013.12,AR,USD,POSTED
TXN00046,ACC121,2024-01-02,33159.86,Revenue,USD,POSTED
TXN00047,ACC106,2024-01-02,15654.38,AR,USD,POSTED
TXN00048,ACC105,2024-01-02,26051.39,COGS,USD,POSTED
TXN00049,ACC124,2024-01-03,27380.84,Revenue,USD,POSTED
TXN00050,ACC106,2024-01-03,9324.24,AR,GBP,POSTED
TXN00052,ACC122,2024-01-03,38779.13,Tax,USD,POSTED
TXN00054,ACC116,2024-01-03,44751.88,OpEx,USD,POSTED
TXN00055,ACC102,2024-01-03,29935.21,COGS,USD,POSTED
TXN00056,ACC146,2024-01-03,46101.52,COGS,USD,POSTED
TXN00057,ACC129,2024-01-03,4515.78,OpEx,USD,POSTED
TXN00058,ACC134,2024-01-03,9879.54,AR,USD,POSTED
TXN00059,ACC107,2024-01-03,2356.84,AR,USD,POSTED
TXN00060,ACC124,2024-01-03,16333.98,COGS,USD,POSTED
TXN00061,ACC105,2024-01-03,19495.0,OpEx,USD,POSTED
TXN00062,ACC135,2024-01-03,13640.32,OpEx,USD,POSTED
TXN00063,ACC118,2024-01-03,41454.0,Tax,GBP,POSTED
TXN00064,ACC140,2024-01-03,17901.99,AR,USD,POSTED
TXN00065,ACC139,2024-01-03,14118.63,Revenue,USD,POSTED
TXN00066,ACC123,2024-01-03,27180.53,AR,USD,POSTED
TXN00067,ACC136,2024-01-03,7132.12,AR,GBP,POSTED
TXN00068,ACC112,2024-01-03,40129.63,Tax,USD,POSTED
TXN00069,ACC145,2024-01-03,3820.08,Revenue,USD,POSTED
TXN00070,ACC104,2024-01-03,49345.66,Tax,EUR,POSTED
TXN00071,ACC102,2024-01-03,38635.01,Revenue,USD,POSTED
TXN00072,ACC142,2024-01-03,10015.91,COGS,USD,POSTED
TXN00073,ACC114,2024-01-04,375.55,Revenue,USD,POSTED
TXN00074,ACC149,2024-01-04,40791.53,Tax,USD,POSTED
TXN00075,ACC118,2024-01-04,35372.18,AR,GBP,POSTED
TXN00076,ACC105,2024-01-04,36477.46,Revenue,EUR,POSTED
TXN00077,ACC114,2024-01-04,38586.39,Revenue,USD,POSTED
TXN00078,ACC106,2024-01-04,3794.83,OpEx,USD,POSTED
TXN00079,ACC124,2024-01-04,17987.44,AR,USD,POSTED
TXN00080,ACC117,2024-01-04,5881.87,COGS,USD,POSTED
TXN00081,ACC129,2024-01-04,43168.86,Tax,EUR,POSTED
TXN00082,ACC140,2024-01-04,31202.58,COGS,USD,POSTED
TXN00083,ACC123,2024-01-04,16611.81,AR,USD,POSTED
TXN00084,ACC110,2024-01-04,3271.56,Revenue,EUR,POSTED
TXN00085,ACC123,2024-01-04,15618.02,Revenue,USD,POSTED
TXN00086,ACC122,2024-01-04,16326.65,AR,USD,POSTED
TXN00087,ACC113,2024-01-04,36507.35,Revenue,USD,POSTED
TXN00088,ACC142,2024-01-04,31914.12,Revenue,GBP,POSTED
TXN00089,ACC117,2024-01-04,44371.92,Revenue,USD,POSTED
TXN00090,ACC144,2024-01-04,23663.52,Tax,USD,POSTED
TXN00091,ACC143,2024-01-04,6067.75,Tax,USD,POSTED
TXN00092,ACC141,2024-01-04,35690.91,OpEx,USD,POSTED
TXN00093,ACC104,2024-01-04,38063.17,COGS,EUR,POSTED
TXN00094,ACC138,2024-01-04,28107.73,AR,EUR,POSTED
TXN00095,ACC140,2024-01-04,38571.26,AR,USD,POSTED
TXN00096,ACC110,2024-01-04,24740.4,AR,USD,POSTED
TXN00097,ACC134,2024-01-05,26184.37,OpEx,USD,POSTED
TXN00098,ACC146,2024-01-05,21434.3,Tax,USD,POSTED
TXN00099,ACC115,2024-01-05,1368.41,OpEx,USD,POSTED
TXN00100,ACC110,2024-01-05,5483.78,AR,EUR,POSTED
TXN00101,ACC129,2024-01-05,1668.32,COGS,USD,POSTED
TXN00102,ACC124,2024-01-05,31856.88,Revenue,USD,POSTED
TXN00103,ACC117,2024-01-05,15786.36,Tax,USD,POSTED
TXN00104,ACC140,2024-01-05,25477.68,Tax,EUR,POSTED
TXN00105,ACC144,2024-01-05,45387.57,OpEx,EUR,POSTED
TXN00107,ACC114,2024-01-05,20578.11,AR,USD,POSTED
TXN00108,ACC143,2024-01-05,37802.0,AR,USD,POSTED
TXN00109,ACC120,2024-01-05,11517.03,OpEx,EUR,POSTED
TXN00110,ACC149,2024-01-05,3941.3,AR,USD,POSTED
TXN00111,ACC149,2024-01-05,14558.6,COGS,USD,POSTED
TXN00112,ACC103,2024-01-05,8144.94,OpEx,EUR,POSTED
TXN00113,ACC114,2024-01-05,46491.91,COGS,EUR,POSTED
TXN00114,ACC102,2024-01-05,40425.21,Revenue,USD,POSTED
TXN00115,ACC120,2024-01-05,31706.85,COGS,USD,POSTED
TXN00116,ACC125,2024-01-05,43585.88,Revenue,USD,POSTED
TXN00117,ACC117,2024-01-05,40203.24,Revenue,USD,POSTED
TXN00118,ACC104,2024-01-05,9409.85,COGS,USD,POSTED
TXN00119,ACC113,2024-01-05,44638.69,OpEx,EUR,POSTED
TXN00120,ACC136,2024-01-05,27013.18,AR,EUR,POSTED
TXN00121,ACC145,2024-01-06,40391.26,AR,EUR,POSTED
TXN00122,ACC120,2024-01-06,44814.96,Revenue,USD,POSTED
TXN00123,ACC113,2024-01-06,15968.37,Revenue,EUR,POSTED
TXN00124,ACC141,2024-01-06,5591.59,OpEx,EUR,POSTED
TXN00125,ACC131,2024-01-06,13195.053999999998,Tax,USD,POSTED
TXN00126,ACC125,2024-01-06,21412.68,COGS,EUR,POSTED
TXN00127,ACC141,2024-01-06,40918.94,Revenue,EUR,POSTED
TXN00128,ACC129,2024-01-06,43050.46,AR,USD,POSTED
TXN00129,ACC109,2024-01-06,446.91,OpEx,USD,POSTED
TXN00130,ACC116,2024-01-06,25586.29,COGS,USD,POSTED
TXN00131,ACC108,2024-01-06,20928.81,OpEx,USD,POSTED
TXN00132,ACC115,2024-01-06,11183.18,COGS,USD,POSTED
TXN00133,ACC147,2024-01-06,6081.28,COGS,EUR,POSTED
TXN00134,ACC135,2024-01-06,16947.0,Revenue,USD,POSTED
TXN00135,ACC134,2024-01-06,47151.19,OpEx,USD,POSTED
TXN00136,ACC116,2024-01-06,16227.83,OpEx,USD,POSTED
TXN00137,ACC147,2024-01-06,25987.65,AR,USD,POSTED
TXN00138,ACC137,2024-01-06,35180.65,AR,USD,POSTED
TXN00139,ACC127,2024-01-06,18245.12,Revenue,USD,POSTED
TXN00140,ACC137,2024-01-06,48591.93,Revenue,USD,POSTED
TXN00141,ACC125,2024-01-06,48126.12,Tax,USD,POSTED
TXN00142,ACC123,2024-01-06,12663.94,AR,USD,POSTED
TXN00143,ACC114,2024-01-06,24912.7,COGS,USD,POSTED
TXN00144,ACC108,2024-01-06,15113.83,OpEx,EUR,POSTED
TXN00145,ACC132,2024-01-07,14313.54,Revenue,USD,POSTED
TXN00146,ACC131,2024-01-07,1940.66,OpEx,EUR,POSTED
TXN00147,ACC105,2024-01-07,30517.26,OpEx,USD,POSTED
TXN00148,ACC148,2024-01-07,25183.68,Tax,USD,POSTED
TXN00149,ACC103,2024-01-07,2668.79,AR,EUR,POSTED
TXN00150,ACC107,2024-01-07,14004.46,Revenue,USD,POSTED
TXN00151,ACC109,2024-01-07,45422.47,OpEx,USD,POSTED
TXN00152,ACC140,2024-01-07,12054.14,Revenue,USD,POSTED
TXN00153,ACC110,2024-01-07,7330.25,COGS,USD,POSTED
TXN00154,ACC150,2024-01-07,24523.69,Tax,USD,POSTED
TXN00155,ACC143,2024-01-07,49283.96,COGS,USD,POSTED
TXN00156,ACC127,2024-01-07,12178.56,Revenue,USD,POSTED
TXN00157,ACC138,2024-01-07,33639.56,Revenue,USD,POSTED
TXN00158,ACC104,2024-01-07,38104.82,AR,USD,POSTED
TXN00159,ACC124,2024-01-07,11958.11,OpEx,EUR,POSTED
TXN00160,ACC124,2024-01-07,36438.0,OpEx,GBP,POSTED
TXN00161,ACC138,2024-01-07,18452.38,COGS,USD,POSTED
TXN00162,ACC129,2024-01-07,31652.06,Tax,EUR,POSTED
TXN00163,ACC133,2024-01-07,31713.13,OpEx,USD,POSTED
TXN00164,ACC116,2024-01-07,26835.16,AR,USD,POSTED
TXN00165,ACC135,2024-01-07,4605.46,COGS,USD,POSTED
TXN00166,ACC100,2024-01-07,41781.59,COGS,EUR,POSTED
TXN00167,ACC143,2024-01-07,16106.93,AR,USD,POSTED
TXN00168,ACC146,2024-01-07,10818.360499999999,Tax,USD,POSTED
TXN00169,ACC107,2024-01-08,2134.68,AR,USD,POSTED
TXN00170,ACC143,2024-01-08,29585.56,Tax,EUR,POSTED
TXN00171,ACC134,2024-01-08,33910.46,AR,EUR,POSTED
TXN00172,ACC148,2024-01-08,927.73,AR,EUR,POSTED
TXN00173,ACC117,2024-01-08,25653.44,Revenue,USD,POSTED
TXN00174,ACC149,2024-01-08,11402.14,COGS,USD,POSTED
TXN00175,ACC141,2024-01-08,32294.12,AR,USD,POSTED
TXN00176,ACC121,2024-01-08,8800.88,AR,USD,POSTED
TXN00177,ACC107,2024-01-08,34577.79,OpEx,USD,POSTED
TXN00179,ACC127,2024-01-08,46842.83,OpEx,GBP,POSTED
TXN00180,ACC110,2024-01-08,6962.3,COGS,EUR,POSTED
TXN00181,ACC129,2024-01-08,17119.21,OpEx,EUR,POSTED
TXN00182,ACC100,2024-01-08,5762.33,AR,GBP,POSTED
TXN00183,ACC146,2024-01-08,46242.21,AR,USD,POSTED
TXN00185,ACC116,2024-01-08,12971.29,OpEx,GBP,POSTED
TXN00186,ACC132,2024-01-08,33033.2,Tax,USD,POSTED
TXN00187,ACC148,2024-01-08,40879.39,Revenue,EUR,POSTED
TXN00188,ACC111,2024-01-08,27804.52,OpEx,USD,POSTED
TXN00189,ACC132,2024-01-08,26529.56,OpEx,USD,POSTED
TXN00190,ACC106,2024-01-08,12168.43,Revenue,USD,POSTED
TXN00191,ACC140,2024-01-08,4745.83,AR,GBP,POSTED
TXN00192,ACC119,2024-01-08,44871.07,OpEx,EUR,POSTED
TXN00193,ACC140,2024-01-09,45030.86,AR,USD,POSTED
TXN00194,ACC132,2024-01-09,31691.76,Revenue,EUR,POSTED
TXN00195,ACC138,2024-01-09,17017.59,AR,USD,POSTED
TXN00196,ACC112,2024-01-09,17525.56,COGS,USD,POSTED
TXN00197,ACC109,2024-01-09,36325.19,Tax,USD,POSTED
TXN00198,ACC123,2024-01-09,44865.8,OpEx,USD,POSTED
TXN00199,ACC148,2024-01-09,44365.61,Tax,USD,POSTED
TXN00200,ACC110,2024-01-09,39015.79,AR,GBP,POSTED
TXN00201,ACC134,2024-01-09,32137.38,OpEx,EUR,POSTED
TXN00202,ACC149,2024-01-09,4298.58,AR,USD,POSTED
TXN00203,ACC133,2024-01-09,8165.27,COGS,USD,POSTED
TXN00204,ACC100,2024-01-09,44937.85,Revenue,GBP,POSTED
TXN00205,ACC138,2024-01-09,30360.81,OpEx,GBP,POSTED
TXN00206,ACC120,2024-01-09,558.93,COGS,EUR,POSTED
TXN00207,ACC131,2024-01-09,5163.43,COGS,USD,POSTED
TXN00208,ACC101,2024-01-09,33208.74,OpEx,USD,POSTED
TXN00209,ACC107,2024-01-09,352.57,AR,USD,POSTED
TXN00210,ACC123,2024-01-09,8124.32,COGS,USD,POSTED
TXN00211,ACC119,2024-01-09,27481.82,Tax,USD,POSTED
TXN00212,ACC115,2024-01-09,34625.57,COGS,GBP,POSTED
TXN00213,ACC103,2024-01-09,32632.87,AR,USD,POSTED
TXN00214,ACC115,2024-01-09,11291.04,AR,USD,POSTED
TXN00215,ACC136,2024-01-09,35637.74,Tax,USD,POSTED
TXN00216,ACC105,2024-01-09,11938.73,COGS,USD,POSTED
TXN00218,ACC146,2024-01-10,37349.92,OpEx,USD,POSTED
TXN00219,ACC131,2024-01-10,32516.68,Revenue,USD,POSTED
TXN00220,ACC104,2024-01-10,42476.25,Revenue,EUR,POSTED
TXN00221,ACC148,2024-01-10,37852.111999999994,Revenue,GBP,POSTED
TXN00222,ACC134,2024-01-10,28458.6,COGS,USD,POSTED
TXN00223,ACC149,2024-01-10,4774.37,Tax,USD,POSTED
TXN00224,ACC108,2024-01-10,18449.02,AR,EUR,POSTED
TXN00225,ACC108,2024-01-10,13333.6,OpEx,USD,POSTED
TXN00226,ACC142,2024-01-10,12275.08,OpEx,USD,POSTED
TXN00227,ACC130,2024-01-10,48653.23,COGS,EUR,POSTED
TXN00228,ACC135,2024-01-10,19715.58,Revenue,USD,POSTED
TXN00229,ACC110,2024-01-10,44613.12,COGS,USD,POSTED
TXN00230,ACC116,2024-01-10,31593.82,UNKNOWN,USD,POSTED
TXN00231,ACC133,2024-01-10,39761.08,Tax,USD,POSTED
TXN00232,ACC138,2024-01-10,25181.59,AR,USD,POSTED
TXN00233,ACC127,2024-01-10,28887.5,AR,EUR,POSTED
TXN00234,ACC113,2024-01-10,24676.63,Tax,USD,POSTED
TXN00235,ACC134,2024-01-10,9842.63,Tax,USD,POSTED
TXN00236,ACC148,2024-01-10,36150.36,Tax,EUR,POSTED
TXN00237,ACC146,2024-01-10,14110.54,COGS,USD,POSTED
TXN00238,ACC144,2024-01-10,1313.37,Tax,USD,POSTED
TXN00239,ACC112,2024-01-10,32309.07,OpEx,EUR,POSTED
TXN00240,ACC145,2024-01-10,8937.82,Revenue,USD,POSTED
TXN00241,ACC119,2024-01-11,47028.88,Tax,EUR,POSTED
TXN00242,ACC125,2024-01-11,47701.04,Revenue,EUR,POSTED
TXN00244,ACC141,2024-01-11,21356.557999999997,Revenue,USD,POSTED
TXN00245,ACC123,2024-01-11,871.29,COGS,GBP,POSTED
TXN00246,ACC128,2024-01-11,46423.1,OpEx,USD,POSTED
TXN00247,ACC133,2024-01-11,21466.39,COGS,EUR,POSTED
TXN00248,ACC128,2024-01-11,48336.08,COGS,USD,POSTED
TXN00249,ACC107,2024-01-11,48184.64,UNKNOWN,USD,POSTED
TXN00250,ACC115,2024-01-11,42665.17,Tax,USD,POSTED
TXN00251,ACC114,2024-01-11,17011.949999999997,Tax,GBP,POSTED
TXN00252,ACC104,2024-01-11,19316.38,OpEx,GBP,POSTED
TXN00253,ACC121,2024-01-11,42571.72,OpEx,USD,POSTED
TXN00254,ACC101,2024-01-11,15914.41,Tax,USD,POSTED
TXN00255,ACC137,2024-01-11,8557.69,AR,EUR,POSTED
TXN00256,ACC135,2024-01-11,27884.38,Tax,USD,POSTED
TXN00257,ACC114,2024-01-11,46814.12,AR,USD,POSTED
TXN00258,ACC137,2024-01-11,34831.89,OpEx,USD,POSTED
TXN00259,ACC114,2024-01-11,28546.05,Revenue,USD,POSTED
TXN00260,ACC100,2024-01-11,4949.11,OpEx,GBP,POSTED
TXN00261,ACC104,2024-01-11,30788.86,OpEx,USD,POSTED
TXN00262,ACC145,2024-01-11,49503.69,COGS,USD,POSTED
TXN00263,ACC140,2024-01-11,7090.19,COGS,USD,POSTED
TXN00264,ACC103,2024-01-11,25964.65,COGS,EUR,POSTED
TXN00265,ACC114,2024-01-12,43880.92,COGS,USD,POSTED
TXN00266,ACC104,2024-01-12,37064.35,AR,USD,POSTED
TXN00267,ACC102,2024-01-12,34881.09,Tax,USD,POSTED
TXN00268,ACC121,2024-01-12,35153.96,Revenue,EUR,POSTED
TXN00269,ACC104,2024-01-12,18038.61,OpEx,USD,POSTED
TXN00270,ACC132,2024-01-12,14750.23,AR,USD,POSTED
TXN00271,ACC115,2024-01-12,40487.12,Revenue,USD,POSTED
TXN00272,ACC117,2024-01-12,40524.66,AR,USD,POSTED
TXN00273,ACC142,2024-01-12,43366.91,AR,USD,POSTED
TXN00274,ACC131,2024-01-12,45670.7,OpEx,EUR,POSTED
TXN00275,ACC113,2024-01-12,25615.99,Tax,USD,POSTED
TXN00276,ACC134,2024-01-12,25125.66,COGS,EUR,POSTED
TXN00277,ACC108,2024-01-12,39934.93,Tax,USD,POSTED
TXN00278,ACC146,2024-01-12,32533.2,OpEx,EUR,POSTED
TXN00279,ACC136,2024-01-12,35128.15,OpEx,USD,POSTED
TXN00280,ACC136,2024-01-12,39810.05,OpEx,USD,POSTED
TXN00281,ACC130,2024-01-12,44511.27,Revenue,GBP,POSTED
TXN00282,ACC115,2024-01-12,16965.96,Tax,EUR,POSTED
TXN00283,ACC150,2024-01-12,18841.59,Tax,USD,POSTED
TXN00284,ACC130,2024-01-12,4789.7,AR,USD,POSTED
TXN00285,ACC126,2024-01-12,28956.18,AR,EUR,POSTED
TXN00286,ACC112,2024-01-12,1893.52,AR,USD,POSTED
TXN00287,ACC106,2024-01-12,23333.34,OpEx,EUR,POSTED
TXN00288,ACC106,2024-01-12,27177.97,Tax,EUR,POSTED
TXN00289,ACC142,2024-01-13,14398.41,OpEx,USD,POSTED
TXN00290,ACC127,2024-01-13,29582.58,Revenue,USD,POSTED
TXN00291,ACC122,2024-01-13,1621.96,AR,USD,POSTED
TXN00292,ACC127,2024-01-13,1963.67,OpEx,USD,POSTED
TXN00293,ACC126,2024-01-13,41147.77,OpEx,USD,POSTED
TXN00295,ACC146,2024-01-13,6440.32,COGS,USD,POSTED
TXN00296,ACC103,2024-01-13,26159.94,Tax,EUR,POSTED
TXN00297,ACC143,2024-01-13,38522.68,COGS,USD,POSTED
TXN00298,ACC141,2024-01-13,10869.47,AR,USD,POSTED
TXN00299,ACC141,2024-01-13,31182.23,OpEx,USD,POSTED
TXN00300,ACC106,2024-01-13,4358.84,Revenue,USD,POSTED
TXN00301,ACC103,2024-01-13,2678.92,Revenue,USD,POSTED
TXN00302,ACC125,2024-01-13,26614.6,Tax,USD,POSTED
TXN00303,ACC146,2024-01-13,27077.69,COGS,EUR,POSTED
TXN00304,ACC121,2024-01-13,31907.75,Tax,USD,POSTED
TXN00305,ACC106,2024-01-13,36331.96,OpEx,USD,POSTED
TXN00306,ACC115,2024-01-13,48795.02,Tax,USD,POSTED
TXN00307,ACC112,2024-01-13,25863.39,Revenue,USD,POSTED
TXN00308,ACC112,2024-01-13,16215.53,Revenue,USD,POSTED
TXN00309,ACC134,2024-01-13,39779.79,AR,USD,POSTED
TXN00310,ACC128,2024-01-13,13614.53,AR,USD,POSTED
TXN00311,ACC108,2024-01-13,22004.67,OpEx,USD,POSTED
TXN00312,ACC127,2024-01-13,4014.97,COGS,USD,POSTED
TXN00313,ACC111,2024-01-14,1365.0,Tax,EUR,POSTED
TXN00314,ACC117,2024-01-14,48136.16,OpEx,USD,POSTED
TXN00315,ACC129,2024-01-14,41815.41,AR,USD,POSTED
TXN00316,ACC115,2024-01-14,34829.11,Tax,USD,POSTED
TXN00317,ACC104,2024-01-14,20506.75,AR,USD,POSTED
TXN00318,ACC128,2024-01-14,8747.39,Tax,EUR,POSTED
TXN00319,ACC135,2024-01-14,7906.21,COGS,USD,POSTED
TXN00320,ACC106,2024-01-14,12587.12,OpEx,USD,POSTED
TXN00321,ACC103,2024-01-14,27506.41,Tax,USD,POSTED
TXN00322,ACC141,2024-01-14,35758.34,Revenue,USD,POSTED
TXN00323,ACC134,2024-01-14,33043.85,Revenue,USD,POSTED
TXN00324,ACC100,2024-01-14,14068.7,Tax,USD,POSTED
TXN00325,ACC105,2024-01-14,47747.78,Tax,EUR,POSTED
TXN00326,ACC148,2024-01-14,42459.219,Tax,USD,POSTED
TXN00327,ACC115,2024-01-14,27762.27,Revenue,USD,POSTED
TXN00328,ACC110,2024-01-14,30624.87,Revenue,USD,POSTED
TXN00329,ACC126,2024-01-14,21038.04,Tax,USD,POSTED
TXN00330,ACC131,2024-01-14,12461.78,AR,USD,POSTED
TXN00331,ACC130,2024-01-14,17863.04,AR,EUR,POSTED
TXN00332,ACC113,2024-01-14,37916.52,COGS,EUR,POSTED
TXN00333,ACC125,2024-01-14,818.24,OpEx,USD,POSTED
TXN00334,ACC103,2024-01-14,5892.02,AR,EUR,POSTED
TXN00335,ACC110,2024-01-14,2395.53,Revenue,GBP,POSTED
TXN00336,ACC124,2024-01-14,2132.37,AR,EUR,POSTED
TXN00337,ACC100,2024-01-15,42787.48,COGS,USD,POSTED
TXN00338,ACC124,2024-01-15,35212.53,COGS,EUR,POSTED
TXN00339,ACC116,2024-01-15,23761.27,OpEx,USD,POSTED
TXN00340,ACC150,2024-01-15,4981.92,AR,GBP,POSTED
TXN00341,ACC150,2024-01-15,24631.63,Revenue,USD,POSTED
TXN00342,ACC129,2024-01-15,23726.24,Revenue,USD,POSTED
TXN00343,ACC118,2024-01-15,8742.77,Tax,EUR,POSTED
TXN00344,ACC127,2024-01-15,21749.2,Revenue,USD,POSTED
TXN00345,ACC144,2024-01-15,19985.39,OpEx,GBP,POSTED
TXN00346,ACC146,2024-01-15,30830.92,OpEx,GBP,POSTED
TXN00347,ACC150,2024-01-15,31791.17,Revenue,USD,POSTED
TXN00348,ACC135,2024-01-15,2360.67,Revenue,USD,POSTED
TXN00349,ACC142,2024-01-15,18793.17,Tax,USD,POSTED
TXN00350,ACC145,2024-01-15,31330.41,Revenue,USD,POSTED
TXN00351,ACC131,2024-01-15,25206.5,Tax,USD,POSTED
TXN00352,ACC109,2024-01-15,42838.84,Tax,EUR,POSTED
TXN00353,ACC112,2024-01-15,32968.81,Revenue,USD,POSTED
TXN00354,ACC118,2024-01-15,8230.43,COGS,USD,POSTED
TXN00355,ACC113,2024-01-15,3621.38,COGS,GBP,POSTED
TXN00356,ACC103,2024-01-15,32156.72,Tax,USD,POSTED
TXN00357,ACC137,2024-01-15,1422.91,Revenue,USD,POSTED
TXN00358,ACC147,2024-01-15,29330.2,COGS,GBP,POSTED
TXN00359,ACC134,2024-01-15,47017.49,Revenue,USD,POSTED
TXN00360,ACC103,2024-01-15,28816.16,Revenue,EUR,POSTED
TXN00361,ACC147,2024-01-16,19469.68,Revenue,GBP,POSTED
TXN00362,ACC120,2024-01-16,32200.08,AR,GBP,POSTED
TXN00363,ACC103,2024-01-16,22966.82,Revenue,USD,POSTED
TXN00364,ACC103,2024-01-16,27326.28,AR,USD,POSTED
TXN00365,ACC137,2024-01-16,47079.09,Tax,USD,POSTED
TXN00366,ACC130,2024-01-16,19366.52,COGS,EUR,POSTED
TXN00367,ACC132,2024-01-16,48063.41,COGS,EUR,POSTED
TXN00368,ACC133,2024-01-16,45277.0,COGS,USD,POSTED
TXN00369,ACC110,2024-01-16,9869.98,COGS,USD,POSTED
TXN00370,ACC103,2024-01-16,3561.13,COGS,USD,POSTED
TXN00371,ACC132,2024-01-16,5128.82,COGS,USD,POSTED
TXN00372,ACC105,2024-01-16,1009.27,COGS,EUR,POSTED
TXN00373,ACC111,2024-01-16,4812.7,Tax,USD,POSTED
TXN00374,ACC104,2024-01-16,34182.04,Revenue,GBP,POSTED
TXN00375,ACC138,2024-01-16,3652.31,OpEx,EUR,POSTED
TXN00376,ACC104,2024-01-16,16016.88,AR,USD,POSTED
TXN00377,ACC143,2024-01-16,42259.28,OpEx,USD,POSTED
TXN00378,ACC115,2024-01-16,1261.27,OpEx,USD,POSTED
TXN00379,ACC125,2024-01-16,40741.98,Revenue,USD,POSTED
TXN00380,ACC107,2024-01-16,14164.55,Revenue,EUR,POSTED
TXN00381,ACC136,2024-01-16,5996.42,Revenue,EUR,POSTED
TXN00382,ACC115,2024-01-16,34867.18,COGS,EUR,POSTED
TXN00383,ACC137,2024-01-16,31484.25,Tax,USD,POSTED
TXN00384,ACC138,2024-01-16,43885.85,COGS,USD,POSTED
TXN00385,ACC102,2024-01-17,36780.05,Tax,EUR,POSTED
TXN00386,ACC139,2024-01-17,40193.7,Tax,USD,POSTED
TXN00387,ACC105,2024-01-17,14173.53,OpEx,USD,POSTED
TXN00388,ACC126,2024-01-17,8954.23,OpEx,USD,POSTED
TXN00389,ACC142,2024-01-17,37555.68,Tax,USD,POSTED
TXN00390,ACC137,2024-01-17,40361.05,Tax,USD,POSTED
TXN00391,ACC136,2024-01-17,49526.21,COGS,USD,POSTED
TXN00392,ACC133,2024-01-17,20689.62,COGS,GBP,POSTED
TXN00394,ACC116,2024-01-17,38843.01,Revenue,USD,POSTED
TXN00395,ACC113,2024-01-17,17106.1,UNKNOWN,USD,POSTED
TXN00396,ACC142,2024-01-17,46544.79,COGS,EUR,POSTED
TXN00397,ACC145,2024-01-17,42934.8,OpEx,USD,POSTED
TXN00398,ACC120,2024-01-17,21506.8,COGS,USD,POSTED
TXN00399,ACC115,2024-01-17,37568.47,Tax,USD,POSTED
TXN00400,ACC116,2024-01-17,37751.69,Tax,EUR,POSTED
TXN00401,ACC125,2024-01-17,5245.88,AR,USD,POSTED
TXN00402,ACC108,2024-01-17,45137.39,Revenue,EUR,POSTED
TXN00403,ACC142,2024-01-17,25312.09,AR,GBP,POSTED
TXN00404,ACC141,2024-01-17,41340.23,OpEx,USD,POSTED
TXN00405,ACC119,2024-01-17,16070.48,COGS,EUR,POSTED
TXN00406,ACC129,2024-01-17,44786.61,OpEx,USD,POSTED
TXN00407,ACC120,2024-01-17,19521.16,Tax,EUR,POSTED
TXN00408,ACC148,2024-01-17,640.8,AR,USD,POSTED
TXN00409,ACC104,2024-01-18,45278.56,AR,EUR,POSTED
TXN00410,ACC100,2024-01-18,4655.21,AR,USD,POSTED
TXN00411,ACC129,2024-01-18,16033.75,OpEx,USD,POSTED
TXN00412,ACC139,2024-01-18,47508.09,Tax,USD,POSTED
TXN00413,ACC136,2024-01-18,47535.3,COGS,USD,POSTED
TXN00414,ACC106,2024-01-18,28714.55,COGS,USD,POSTED
TXN00415,ACC104,2024-01-18,31628.68,OpEx,USD,POSTED
TXN00416,ACC134,2024-01-18,22477.43,AR,USD,POSTED
TXN00417,ACC113,2024-01-18,14731.22,Revenue,USD,POSTED
TXN00418,ACC132,2024-01-18,16500.36,OpEx,EUR,POSTED
TXN00419,ACC116,2024-01-18,33658.67,OpEx,USD,POSTED
TXN00420,ACC108,2024-01-18,37643.49,Tax,USD,POSTED
TXN00421,ACC122,2024-01-18,39599.79,COGS,USD,POSTED
TXN00422,ACC104,2024-01-18,39501.95,OpEx,USD,POSTED
TXN00423,ACC115,2024-01-18,4651.18,OpEx,GBP,POSTED
TXN00424,ACC123,2024-01-18,24771.57,AR,USD,POSTED
TXN00425,ACC118,2024-01-18,2972.18,AR,EUR,POSTED
TXN00426,ACC110,2024-01-18,27521.49,Revenue,GBP,POSTED
TXN00427,ACC128,2024-01-18,22132.37,Tax,EUR,POSTED
TXN00428,ACC134,2024-01-18,44396.44,Revenue,USD,POSTED
TXN00429,ACC145,2024-01-18,17610.66,AR,EUR,POSTED
TXN00430,ACC119,2024-01-18,5941.64,COGS,GBP,POSTED
TXN00431,ACC139,2024-01-18,7235.28,AR,USD,POSTED
TXN00432,ACC141,2024-01-18,38099.38,Tax,USD,POSTED
TXN00433,ACC133,2024-01-19,30949.08,AR,USD,POSTED
TXN00434,ACC100,2024-01-19,5146.02,Tax,USD,POSTED
TXN00435,ACC142,2024-01-19,4296.93,Tax,USD,POSTED
TXN00436,ACC135,2024-01-19,35078.36,Tax,USD,POSTED
TXN00437,ACC119,2024-01-19,3730.87,Tax,USD,POSTED
TXN00438,ACC142,2024-01-19,41110.82,Tax,USD,POSTED
TXN00439,ACC106,2024-01-19,35341.49,COGS,USD,POSTED
TXN00440,ACC108,2024-01-19,4159.3,Revenue,USD,POSTED
TXN00441,ACC116,2024-01-19,4333.4,OpEx,USD,POSTED
TXN00443,ACC106,2024-01-19,18776.11,Tax,USD,POSTED
TXN00444,ACC147,2024-01-19,18595.04,COGS,EUR,POSTED
TXN00445,ACC135,2024-01-19,40658.7,AR,USD,POSTED
TXN00446,ACC109,2024-01-19,54472.854999999996,COGS,USD,POSTED
TXN00447,ACC117,2024-01-19,49301.45,Tax,EUR,POSTED
TXN00448,ACC118,2024-01-19,37693.57,COGS,USD,POSTED
TXN00449,ACC138,2024-01-19,18875.35,COGS,USD,POSTED
TXN00450,ACC113,2024-01-19,4266.69,Tax,EUR,POSTED
TXN00451,ACC145,2024-01-19,38879.63,COGS,EUR,POSTED
TXN00452,ACC121,2024-01-19,27964.37,OpEx,USD,POSTED
TXN00453,ACC113,2024-01-19,21268.68,OpEx,USD,POSTED
TXN00454,ACC143,2024-01-19,45327.08,COGS,GBP,POSTED
TXN00455,ACC140,2024-01-19,5648.75,AR,USD,POSTED
TXN00456,ACC116,2024-01-19,24681.99,Tax,USD,POSTED
TXN00457,ACC132,2024-01-20,666.55,OpEx,EUR,POSTED
TXN00458,ACC131,2024-01-20,23486.17,AR,USD,POSTED
TXN00459,ACC116,2024-01-20,2909.53,COGS,USD,POSTED
TXN00460,ACC103,2024-01-20,6029.01,AR,USD,POSTED
TXN00461,ACC105,2024-01-20,5964.56,Revenue,EUR,POSTED
TXN00462,ACC140,2024-01-20,32495.59,OpEx,USD,POSTED
TXN00463,ACC127,2024-01-20,37327.64,COGS,USD,POSTED
TXN00464,ACC117,2024-01-20,29210.1,Tax,USD,POSTED
TXN00465,ACC102,2024-01-20,48112.41,COGS,USD,POSTED
TXN00466,ACC100,2024-01-20,18806.04,Tax,USD,POSTED
TXN00467,ACC121,2024-01-20,14357.03,COGS,EUR,POSTED
TXN00468,ACC149,2024-01-20,43443.1,AR,USD,POSTED
TXN00469,ACC108,2024-01-20,11257.43,AR,USD,POSTED
TXN00470,ACC140,2024-01-20,48164.8,AR,EUR,POSTED
TXN00471,ACC116,2024-01-20,706.51,Revenue,USD,POSTED
TXN00472,ACC110,2024-01-20,48496.95,Tax,GBP,POSTED
TXN00474,ACC128,2024-01-20,44568.04,Revenue,USD,POSTED
TXN00475,ACC135,2024-01-20,26432.29,Tax,USD,POSTED
TXN00476,ACC145,2024-01-20,49648.94,COGS,GBP,POSTED
TXN00477,ACC127,2024-01-20,3782.45,Revenue,USD,POSTED
TXN00478,ACC135,2024-01-20,27737.33,OpEx,USD,POSTED
TXN00479,ACC100,2024-01-20,48468.2,Revenue,USD,POSTED
TXN00480,ACC107,2024-01-20,26202.58,Revenue,USD,POSTED
TXN00481,ACC104,2024-01-21,31506.99,Tax,USD,POSTED
TXN00483,ACC109,2024-01-21,22781.6,OpEx,USD,POSTED
TXN00484,ACC134,2024-01-21,31415.15,AR,EUR,POSTED
TXN00485,ACC102,2024-01-21,29257.28,AR,USD,POSTED
TXN00486,ACC123,2024-01-21,45067.78,Revenue,USD,POSTED
TXN00487,ACC137,2024-01-21,2367.77,Tax,USD,POSTED
TXN00488,ACC135,2024-01-21,14120.06,Tax,USD,POSTED
TXN00489,ACC109,2024-01-21,47525.53,AR,EUR,POSTED
TXN00490,ACC127,2024-01-21,44524.16,OpEx,GBP,POSTED
TXN00491,ACC108,2024-01-21,22837.27,COGS,USD,POSTED
TXN00492,ACC102,2024-01-21,31044.62,OpEx,USD,POSTED
TXN00493,ACC119,2024-01-21,13941.32,COGS,USD,POSTED
TXN00494,ACC123,2024-01-21,9487.25,AR,GBP,POSTED
TXN00495,ACC150,2024-01-21,23238.55,COGS,USD,POSTED
TXN00496,ACC102,2024-01-21,17732.28,Tax,USD,POSTED
TXN00497,ACC122,2024-01-21,29224.44,Revenue,EUR,POSTED
TXN00498,ACC113,2024-01-21,3978.96,Revenue,USD,POSTED
TXN00499,ACC143,2024-01-21,48722.3,AR,USD,POSTED
TXN00500,ACC115,2024-01-21,49311.92,Tax,USD,POSTED
TXN00501,ACC142,2024-01-21,34938.27,OpEx,GBP,POSTED
TXN00502,ACC106,2024-01-21,26851.21,Tax,USD,POSTED
TXN00503,ACC122,2024-01-21,15545.43,Revenue,USD,POSTED
TXN00504,ACC149,2024-01-21,40708.37,Revenue,USD,POSTED
TXN00505,ACC135,2024-01-22,34268.09,Tax,USD,POSTED
TXN00506,ACC126,2024-01-22,8214.59,Tax,USD,POSTED
TXN00507,ACC139,2024-01-22,45555.27,Revenue,USD,POSTED
TXN00508,ACC147,2024-01-22,41144.61,OpEx,USD,POSTED
TXN00509,ACC109,2024-01-22,47495.02,AR,USD,POSTED
TXN00510,ACC115,2024-01-22,36313.4,AR,USD,POSTED
TXN00511,ACC110,2024-01-22,30709.42,Tax,USD,POSTED
TXN00512,ACC111,2024-01-22,20970.33,AR,EUR,POSTED
TXN00513,ACC126,2024-01-22,46643.15,Revenue,USD,POSTED
TXN00514,ACC101,2024-01-22,43316.59,Revenue,EUR,POSTED
TXN00515,ACC111,2024-01-22,2356.41,Tax,EUR,POSTED
TXN00516,ACC147,2024-01-22,1415.71,Tax,USD,POSTED
TXN00517,ACC121,2024-01-22,18885.52,Tax,USD,POSTED
TXN00518,ACC150,2024-01-22,40546.61,OpEx,USD,POSTED
TXN00519,ACC126,2024-01-22,49365.08,AR,USD,POSTED
TXN00520,ACC142,2024-01-22,7605.8,Tax,USD,POSTED
TXN00521,ACC147,2024-01-22,29747.12,COGS,USD,POSTED
TXN00522,ACC115,2024-01-22,19106.45,COGS,USD,POSTED
TXN00523,ACC117,2024-01-22,48498.73,Revenue,EUR,POSTED
TXN00524,ACC110,2024-01-22,42121.73,AR,USD,POSTED
TXN00525,ACC150,2024-01-22,41932.6,Tax,EUR,POSTED
TXN00526,ACC144,2024-01-22,23487.79,COGS,USD,POSTED
TXN00527,ACC106,2024-01-22,20799.49,AR,EUR,POSTED
TXN00528,ACC124,2024-01-22,13743.01,Revenue,USD,POSTED
TXN00529,ACC102,2024-01-23,2913.14,OpEx,USD,POSTED
TXN00530,ACC130,2024-01-23,43249.65,AR,USD,POSTED
TXN00531,ACC114,2024-01-23,40663.76,AR,USD,POSTED
TXN00532,ACC112,2024-01-23,49985.91,OpEx,USD,POSTED
TXN00534,ACC122,2024-01-23,27816.04,Revenue,USD,POSTED
TXN00535,ACC119,2024-01-23,38472.47,Revenue,USD,POSTED
TXN00536,ACC150,2024-01-23,47243.81,OpEx,EUR,POSTED
TXN00537,ACC114,2024-01-23,42497.4,Tax,EUR,POSTED
TXN00538,ACC114,2024-01-23,12442.67,COGS,USD,POSTED
TXN00539,ACC101,2024-01-23,22582.15,Tax,USD,POSTED
TXN00540,ACC142,2024-01-23,6545.05,AR,USD,POSTED
TXN00541,ACC112,2024-01-23,47707.15,COGS,USD,POSTED
TXN00542,ACC125,2024-01-23,30348.11,OpEx,EUR,POSTED
TXN00543,ACC121,2024-01-23,11509.28,OpEx,GBP,POSTED
TXN00544,ACC117,2024-01-23,33617.86,COGS,EUR,POSTED
TXN00545,ACC104,2024-01-23,30944.6,Revenue,EUR,POSTED
TXN00546,ACC149,2024-01-23,17972.32,COGS,USD,POSTED
TXN00547,ACC117,2024-01-23,5766.52,AR,EUR,POSTED
TXN00548,ACC122,2024-01-23,33611.5,Revenue,EUR,POSTED
TXN00549,ACC141,2024-01-23,26063.35,UNKNOWN,USD,POSTED
TXN00550,ACC132,2024-01-23,38638.69,COGS,EUR,POSTED
TXN00551,ACC125,2024-01-23,26056.16,Tax,USD,POSTED
TXN00552,ACC143,2024-01-23,42623.86,Tax,USD,POSTED
TXN00553,ACC134,2024-01-24,27640.15,AR,EUR,POSTED
TXN00554,ACC121,2024-01-24,28090.8,Tax,USD,POSTED
TXN00555,ACC101,2024-01-24,43845.01,COGS,USD,POSTED
TXN00556,ACC107,2024-01-24,20233.8,COGS,USD,POSTED
TXN00558,ACC111,2024-01-24,1536.26,COGS,GBP,POSTED
TXN00559,ACC137,2024-01-24,37781.35,AR,USD,POSTED
TXN00560,ACC116,2024-01-24,31053.45,Revenue,USD,POSTED
TXN00561,ACC102,2024-01-24,35233.58,AR,EUR,POSTED
TXN00562,ACC106,2024-01-24,10726.91,AR,USD,POSTED
TXN00563,ACC138,2024-01-24,6904.94,COGS,USD,POSTED
TXN00564,ACC127,2024-01-24,825.78,Revenue,USD,POSTED
TXN00565,ACC122,2024-01-24,17594.32,COGS,EUR,POSTED
TXN00566,ACC146,2024-01-24,29536.89,OpEx,USD,POSTED
TXN00567,ACC150,2024-01-24,19672.98,COGS,USD,POSTED
TXN00568,ACC120,2024-01-24,21930.0,COGS,USD,POSTED
TXN00569,ACC127,2024-01-24,45217.52,COGS,USD,POSTED
TXN00570,ACC138,2024-01-24,17477.95,Revenue,USD,POSTED
TXN00571,ACC132,2024-01-24,25748.08,COGS,USD,POSTED
TXN00572,ACC107,2024-01-24,39204.29,Revenue,USD,POSTED
TXN00573,ACC124,2024-01-24,19887.48,Tax,EUR,POSTED
TXN00574,ACC136,2024-01-24,31142.13,OpEx,USD,POSTED
TXN00575,ACC112,2024-01-24,43131.95,Revenue,EUR,POSTED
TXN00577,ACC102,2024-01-25,7438.97,Revenue,EUR,POSTED
TXN00578,ACC145,2024-01-25,53287.227999999996,Revenue,USD,POSTED
TXN00579,ACC127,2024-01-25,24656.6,OpEx,USD,POSTED
TXN00580,ACC100,2024-01-25,12986.39,AR,USD,POSTED
TXN00581,ACC133,2024-01-25,23010.87,AR,USD,POSTED
TXN00582,ACC134,2024-01-25,49003.63,Revenue,USD,POSTED
TXN00583,ACC143,2024-01-25,24681.64,COGS,GBP,POSTED
TXN00584,ACC146,2024-01-25,16504.71,Tax,EUR,POSTED
TXN00585,ACC147,2024-01-25,31706.7,COGS,USD,POSTED
TXN00586,ACC147,2024-01-25,12083.27,COGS,USD,POSTED
TXN00587,ACC142,2024-01-25,3885.58,Revenue,EUR,POSTED
TXN00588,ACC112,2024-01-25,6531.1,Revenue,USD,POSTED
TXN00589,ACC123,2024-01-25,6489.49,Revenue,USD,POSTED
TXN00590,ACC127,2024-01-25,7679.94,Revenue,EUR,POSTED
TXN00591,ACC104,2024-01-25,8081.601999999999,AR,USD,POSTED
TXN00592,ACC142,2024-01-25,32079.65,Revenue,USD,POSTED
TXN00593,ACC121,2024-01-25,9175.82,AR,USD,POSTED
TXN00594,ACC139,2024-01-25,17348.8,AR,EUR,POSTED
TXN00595,ACC120,2024-01-25,44849.74,Revenue,USD,POSTED
TXN00596,ACC142,2024-01-25,23750.69,OpEx,USD,POSTED
TXN00597,ACC107,2024-01-25,33411.13,Tax,USD,POSTED
TXN00598,ACC146,2024-01-25,8698.76,COGS,USD,POSTED
TXN00599,ACC119,2024-01-25,9695.22,AR,USD,POSTED
TXN00600,ACC132,2024-01-25,2139.34,Tax,EUR,POSTED
TXN00601,ACC119,2024-01-26,8529.86,OpEx,USD,POSTED
TXN00602,ACC142,2024-01-26,14001.66,COGS,EUR,POSTED
TXN00603,ACC126,2024-01-26,8932.82,COGS,USD,POSTED
TXN00604,ACC120,2024-01-26,4526.26,AR,USD,POSTED
TXN00605,ACC125,2024-01-26,6119.73,Revenue,USD,POSTED
TXN00606,ACC144,2024-01-26,23092.86,OpEx,USD,POSTED
TXN00607,ACC118,2024-01-26,10396.05,AR,USD,POSTED
TXN00608,ACC135,2024-01-26,18277.07,OpEx,USD,POSTED
TXN00609,ACC108,2024-01-26,25220.52,Revenue,USD,POSTED
TXN00610,ACC112,2024-01-26,34550.7,Revenue,USD,POSTED
TXN00611,ACC126,2024-01-26,2061.68,AR,USD,POSTED
TXN00612,ACC142,2024-01-26,39990.58,Revenue,EUR,POSTED
TXN00613,ACC124,2024-01-26,31432.23,Tax,GBP,POSTED
TXN00614,ACC143,2024-01-26,4179.78,COGS,USD,POSTED
TXN00615,ACC147,2024-01-26,43691.57,AR,USD,POSTED
TXN00616,ACC111,2024-01-26,46051.53,OpEx,USD,POSTED
TXN00617,ACC139,2024-01-26,3147.79,Tax,USD,POSTED
TXN00618,ACC136,2024-01-26,13916.19,AR,USD,POSTED
TXN00619,ACC119,2024-01-26,40329.44,Revenue,EUR,POSTED
TXN00620,ACC125,2024-01-26,37438.16,Revenue,USD,POSTED
TXN00621,ACC135,2024-01-26,9307.6,Revenue,USD,POSTED
TXN00622,ACC100,2024-01-26,10546.53,Revenue,EUR,POSTED
TXN00623,ACC119,2024-01-26,18586.56,OpEx,USD,POSTED
TXN00624,ACC118,2024-01-26,24277.7,Tax,EUR,POSTED
TXN00625,ACC113,2024-01-27,30950.91,COGS,USD,POSTED
TXN00626,ACC127,2024-01-27,18508.79,OpEx,USD,POSTED
TXN00627,ACC150,2024-01-27,23180.48,OpEx,USD,POSTED
TXN00628,ACC137,2024-01-27,37398.8,COGS,USD,POSTED
TXN00629,ACC138,2024-01-27,1930.49,COGS,GBP,POSTED
TXN00630,ACC141,2024-01-27,12696.6,Revenue,USD,POSTED
TXN00631,ACC120,2024-01-27,35696.14,OpEx,GBP,POSTED
TXN00632,ACC129,2024-01-27,44770.82,AR,USD,POSTED
TXN00633,ACC128,2024-01-27,25632.7,COGS,USD,POSTED
TXN00635,ACC143,2024-01-27,5447.88,Tax,USD,POSTED
TXN00636,ACC113,2024-01-27,22425.88,AR,GBP,POSTED
TXN00637,ACC132,2024-01-27,26677.6,AR,USD,POSTED
TXN00638,ACC130,2024-01-27,12199.28,COGS,USD,POSTED
TXN00639,ACC150,2024-01-27,13535.24,Revenue,USD,POSTED
TXN00640,ACC150,2024-01-27,18926.48,Tax,USD,POSTED
TXN00641,ACC147,2024-01-27,1101.55,AR,USD,POSTED
TXN00642,ACC110,2024-01-27,16171.75,COGS,USD,POSTED
TXN00643,ACC142,2024-01-27,10651.26,AR,EUR,POSTED
TXN00644,ACC105,2024-01-27,16442.12,Tax,USD,POSTED
TXN00645,ACC118,2024-01-27,6076.13,Tax,USD,POSTED
TXN00646,ACC132,2024-01-27,44537.31,OpEx,USD,POSTED
TXN00647,ACC142,2024-01-27,29720.26,COGS,USD,POSTED
TXN00648,ACC140,2024-01-27,33987.21,Tax,GBP,POSTED
TXN00649,ACC139,2024-01-28,39479.64,OpEx,USD,POSTED
TXN00650,ACC121,2024-01-28,24972.27,OpEx,USD,POSTED
TXN00651,ACC105,2024-01-28,4437.32,AR,USD,POSTED
TXN00652,ACC148,2024-01-28,26901.62,AR,USD,POSTED
TXN00653,ACC115,2024-01-28,29383.37,OpEx,USD,POSTED
TXN00654,ACC143,2024-01-28,37297.43,AR,GBP,POSTED
TXN00655,ACC119,2024-01-28,21639.81,Tax,EUR,POSTED
TXN00656,ACC114,2024-01-28,6466.26,Revenue,GBP,POSTED
TXN00657,ACC112,2024-01-28,14260.42,Tax,USD,POSTED
TXN00658,ACC109,2024-01-28,18217.81,OpEx,USD,POSTED
TXN00659,ACC101,2024-01-28,32331.27,OpEx,USD,POSTED
TXN00660,ACC102,2024-01-28,28581.84,Tax,USD,POSTED
TXN00661,ACC115,2024-01-28,17869.23,AR,EUR,POSTED
TXN00662,ACC130,2024-01-28,49327.11,AR,USD,POSTED
TXN00663,ACC139,2024-01-28,30328.16,OpEx,EUR,POSTED
TXN00664,ACC149,2024-01-28,11937.62,COGS,EUR,POSTED
TXN00665,ACC104,2024-01-28,5178.95,AR,USD,POSTED
TXN00666,ACC129,2024-01-28,7727.67,Tax,USD,POSTED
TXN00667,ACC126,2024-01-28,12373.29,AR,USD,POSTED
TXN00668,ACC140,2024-01-28,8118.0,Tax,USD,POSTED
TXN00669,ACC136,2024-01-28,9409.69,OpEx,EUR,POSTED
TXN00670,ACC112,2024-01-28,14326.25,AR,USD,POSTED
TXN00671,ACC145,2024-01-28,8751.34,Tax,USD,POSTED
TXN00672,ACC144,2024-01-28,44848.59,OpEx,USD,POSTED
TXN00674,ACC131,2024-01-29,26273.12,Tax,USD,POSTED
TXN00675,ACC125,2024-01-29,20578.8,COGS,EUR,POSTED
TXN00676,ACC115,2024-01-29,49120.69,COGS,USD,POSTED
TXN00677,ACC109,2024-01-29,5690.74,Revenue,EUR,POSTED
TXN00678,ACC141,2024-01-29,19952.99,AR,EUR,POSTED
TXN00679,ACC144,2024-01-29,55748.055499999995,Tax,USD,POSTED
TXN00680,ACC100,2024-01-29,43288.81,COGS,USD,POSTED
TXN00681,ACC148,2024-01-29,40871.9,Revenue,EUR,POSTED
TXN00682,ACC149,2024-01-29,12969.35,OpEx,USD,POSTED
TXN00683,ACC106,2024-01-29,8627.29,Tax,EUR,POSTED
TXN00684,ACC149,2024-01-29,33465.3,COGS,USD,POSTED
TXN00685,ACC127,2024-01-29,46475.86,AR,EUR,POSTED
TXN00686,ACC114,2024-01-29,27882.47,Revenue,EUR,POSTED
TXN00688,ACC144,2024-01-29,14070.96,AR,USD,POSTED
TXN00689,ACC133,2024-01-29,38497.7,COGS,USD,POSTED
TXN00690,ACC129,2024-01-29,9433.48,Tax,USD,POSTED
TXN00691,ACC103,2024-01-29,16251.59,Tax,USD,POSTED
TXN00692,ACC135,2024-01-29,21329.28,Tax,USD,POSTED
TXN00693,ACC115,2024-01-29,25429.76,Revenue,USD,POSTED
TXN00695,ACC129,2024-01-29,5830.36,AR,USD,POSTED
TXN00696,ACC108,2024-01-29,30569.94,COGS,USD,POSTED
TXN00697,ACC129,2024-01-30,14502.66,OpEx,USD,POSTED
TXN00698,ACC142,2024-01-30,29103.79,AR,USD,POSTED
TXN00699,ACC133,2024-01-30,7802.7,AR,USD,POSTED
TXN00700,ACC135,2024-01-30,24108.89,Tax,GBP,POSTED
TXN00701,ACC138,2024-01-30,26676.21,Revenue,GBP,POSTED
TXN00702,ACC120,2024-01-30,2685.99,COGS,USD,POSTED
TXN00703,ACC148,2024-01-30,16896.55,Revenue,USD,POSTED
TXN00704,ACC128,2024-01-30,6807.29,COGS,EUR,POSTED
TXN00705,ACC139,2024-01-30,3262.41,COGS,USD,POSTED
TXN00706,ACC146,2024-01-30,49499.02,Revenue,USD,POSTED
TXN00707,ACC132,2024-01-30,16185.46,AR,USD,POSTED
TXN00708,ACC127,2024-01-30,40512.73,COGS,USD,POSTED
TXN00709,ACC135,2024-01-30,12806.57,Revenue,USD,POSTED
TXN00710,ACC128,2024-01-30,34106.99,COGS,USD,POSTED
TXN00711,ACC110,2024-01-30,38035.37,OpEx,USD,POSTED
TXN00712,ACC147,2024-01-30,29822.37,AR,GBP,POSTED
TXN00713,ACC130,2024-01-30,23631.65,Tax,USD,POSTED
TXN00714,ACC128,2024-01-30,20650.86,COGS,EUR,POSTED
TXN00715,ACC116,2024-01-30,17508.53,OpEx,EUR,POSTED
TXN00716,ACC148,2024-01-30,46483.5,Tax,USD,POSTED
TXN00717,ACC115,2024-01-30,41547.91,Tax,USD,POSTED
TXN00718,ACC140,2024-01-30,48254.84,COGS,USD,POSTED
TXN00719,ACC117,2024-01-30,6302.43,Revenue,USD,POSTED
TXN00720,ACC149,2024-01-30,36570.29,COGS,EUR,POSTED
TXN00721,ACC149,2024-01-31,46923.19,OpEx,USD,POSTED
TXN00722,ACC133,2024-01-31,9143.53,Tax,GBP,POSTED
TXN00723,ACC131,2024-01-31,3418.16,COGS,USD,POSTED
TXN00724,ACC140,2024-01-31,37081.92,Revenue,USD,POSTED
TXN00725,ACC115,2024-01-31,28766.21,COGS,USD,POSTED
TXN00726,ACC117,2024-01-31,42107.26,AR,USD,POSTED
TXN00727,ACC128,2024-01-31,7074.64,Revenue,USD,POSTED
TXN00728,ACC104,2024-01-31,39783.84,OpEx,USD,POSTED
TXN00729,ACC145,2024-01-31,10161.2,Tax,USD,POSTED
TXN00730,ACC118,2024-01-31,8266.43,COGS,USD,POSTED
TXN00731,ACC115,2024-01-31,8296.86,Revenue,GBP,POSTED
TXN00732,ACC117,2024-01-31,40747.28,AR,USD,POSTED
TXN00733,ACC121,2024-01-31,33293.34,Revenue,EUR,POSTED
TXN00734,ACC120,2024-01-31,26200.96,AR,EUR,POSTED
TXN00735,ACC134,2024-01-31,18005.64,OpEx,GBP,POSTED
TXN00736,ACC105,2024-01-31,43872.31,Tax,USD,POSTED
TXN00737,ACC108,2024-01-31,19683.01,OpEx,EUR,POSTED
TXN00738,ACC109,2024-01-31,40848.31,COGS,USD,POSTED
TXN00739,ACC114,2024-01-31,22012.83,Revenue,USD,POSTED
TXN00740,ACC124,2024-01-31,18909.53,AR,USD,POSTED
TXN00741,ACC144,2024-01-31,23187.72,AR,EUR,POSTED
TXN00742,ACC109,2024-01-31,15138.76,Revenue,USD,POSTED
TXN00743,ACC145,2024-01-31,37405.71,Revenue,EUR,POSTED
TXN00744,ACC113,2024-01-31,25185.75,COGS,USD,POSTED
TXN00745,ACC104,2024-02-01,11687.41,OpEx,EUR,POSTED
TXN00746,ACC126,2024-02-01,44988.77,AR,GBP,POSTED
TXN00747,ACC126,2024-02-01,19256.17,COGS,USD,POSTED
TXN00748,ACC121,2024-02-01,27223.29,OpEx,GBP,POSTED
TXN00749,ACC134,2024-02-01,45332.96,COGS,USD,POSTED
TXN00750,ACC129,2024-02-01,31249.48,AR,USD,POSTED
TXN00751,ACC126,2024-02-01,5933.21,Revenue,USD,POSTED
TXN00752,ACC103,2024-02-01,46997.62,Revenue,USD,POSTED
TXN00753,ACC113,2024-02-01,31422.63,OpEx,USD,POSTED
TXN00754,ACC126,2024-02-01,16811.79,Tax,USD,POSTED
TXN00755,ACC124,2024-02-01,7049.68,UNKNOWN,USD,POSTED
TXN00756,ACC149,2024-02-01,39721.86,Tax,GBP,POSTED
TXN00757,ACC137,2024-02-01,31041.63,COGS,EUR,POSTED
TXN00758,ACC144,2024-02-01,26719.71,COGS,EUR,POSTED
TXN00759,ACC101,2024-02-01,44705.24,AR,EUR,POSTED
TXN00760,ACC148,2024-02-01,39451.0,Tax,EUR,POSTED
TXN00761,ACC136,2024-02-01,7668.58,AR,USD,POSTED
TXN00762,ACC124,2024-02-01,15654.93,Revenue,USD,POSTED
TXN00763,ACC130,2024-02-01,12499.61,UNKNOWN,EUR,POSTED
TXN00764,ACC100,2024-02-01,37222.92,OpEx,USD,POSTED
TXN00765,ACC122,2024-02-01,1773.27,Revenue,USD,POSTED
TXN00766,ACC119,2024-02-01,28537.5,Revenue,USD,POSTED
TXN00767,ACC148,2024-02-01,38146.69,OpEx,USD,POSTED
TXN00768,ACC124,2024-02-01,43850.61,Revenue,USD,POSTED
TXN00769,ACC126,2024-02-02,17169.88,Tax,USD,POSTED
TXN00770,ACC134,2024-02-02,41080.74,AR,USD,POSTED
TXN00771,ACC147,2024-02-02,5620.52,Revenue,USD,POSTED
TXN00772,ACC147,2024-02-02,42337.97,Tax,USD,POSTED
TXN00773,ACC134,2024-02-02,6461.68,COGS,USD,POSTED
TXN00774,ACC138,2024-02-02,19924.64,Tax,EUR,POSTED
TXN00775,ACC114,2024-02-02,39885.04,AR,USD,POSTED
TXN00777,ACC114,2024-02-02,11539.64,OpEx,EUR,POSTED
TXN00778,ACC117,2024-02-02,36140.4,AR,USD,POSTED
TXN00779,ACC127,2024-02-02,36029.82,COGS,USD,POSTED
TXN00780,ACC131,2024-02-02,32093.27,OpEx,USD,POSTED
TXN00781,ACC101,2024-02-02,34728.03,Tax,EUR,POSTED
TXN00782,ACC124,2024-02-02,27181.95,AR,USD,POSTED
TXN00783,ACC121,2024-02-02,12664.77,COGS,USD,POSTED
TXN00784,ACC142,2024-02-02,17350.23,OpEx,EUR,POSTED
TXN00785,ACC143,2024-02-02,9161.73,COGS,USD,POSTED
TXN00786,ACC125,2024-02-02,45431.68,Tax,USD,POSTED
TXN00787,ACC146,2024-02-02,29211.25,COGS,USD,POSTED
TXN00788,ACC110,2024-02-02,20102.49,Revenue,USD,POSTED
TXN00789,ACC129,2024-02-02,23154.09,OpEx,USD,POSTED
TXN00790,ACC108,2024-02-02,47369.44,COGS,USD,POSTED
TXN00791,ACC139,2024-02-02,7752.24,Tax,EUR,POSTED
TXN00792,ACC134,2024-02-02,29352.87,Tax,USD,POSTED
TXN00793,ACC101,2024-02-03,29145.427499999994,COGS,USD,POSTED
TXN00794,ACC125,2024-02-03,30611.57,Tax,USD,POSTED
TXN00795,ACC137,2024-02-03,1003.7,AR,USD,POSTED
TXN00796,ACC136,2024-02-03,50161.827,AR,USD,POSTED
TXN00797,ACC142,2024-02-03,46612.7,AR,EUR,POSTED
TXN00798,ACC101,2024-02-03,28300.15,Revenue,USD,POSTED
TXN00799,ACC105,2024-02-03,34862.88,UNKNOWN,EUR,POSTED
TXN00800,ACC141,2024-02-03,46132.72,Revenue,EUR,POSTED
TXN00801,ACC127,2024-02-03,35391.21,Tax,USD,POSTED
TXN00802,ACC108,2024-02-03,7711.7,Revenue,EUR,POSTED
TXN00803,ACC129,2024-02-03,28856.79,Tax,USD,POSTED
TXN00804,ACC111,2024-02-03,30375.08,Tax,USD,POSTED
TXN00805,ACC103,2024-02-03,21264.12,OpEx,USD,POSTED
TXN00806,ACC116,2024-02-03,36848.57,AR,USD,POSTED
TXN00807,ACC124,2024-02-03,46724.91,Tax,USD,POSTED
TXN00808,ACC120,2024-02-03,46285.87,OpEx,USD,POSTED
TXN00809,ACC113,2024-02-03,22596.88,AR,USD,POSTED
TXN00810,ACC129,2024-02-03,5750.58,Tax,USD,POSTED
TXN00811,ACC120,2024-02-03,49243.58,Tax,USD,POSTED
TXN00812,ACC121,2024-02-03,41961.01,Revenue,GBP,POSTED
TXN00813,ACC148,2024-02-03,6320.67,Revenue,EUR,POSTED
TXN00814,ACC124,2024-02-03,46050.01,AR,USD,POSTED
TXN00815,ACC117,2024-02-03,43507.83,Tax,USD,POSTED
TXN00816,ACC148,2024-02-03,25990.02,COGS,EUR,POSTED
TXN00817,ACC126,2024-02-04,29604.64,Revenue,EUR,POSTED
TXN00818,ACC116,2024-02-04,20010.23,AR,EUR,POSTED
TXN00819,ACC105,2024-02-04,2832.61,Tax,USD,POSTED
TXN00820,ACC130,2024-02-04,16826.34,Tax,USD,POSTED
TXN00821,ACC101,2024-02-04,40162.39,COGS,USD,POSTED
TXN00822,ACC147,2024-02-04,331.14,AR,USD,POSTED
TXN00823,ACC134,2024-02-04,16741.61,Tax,EUR,POSTED
TXN00824,ACC103,2024-02-04,19968.62,Revenue,EUR,POSTED
TXN00825,ACC122,2024-02-04,26916.04,COGS,USD,POSTED
TXN00826,ACC114,2024-02-04,46000.8,AR,EUR,POSTED
TXN00827,ACC141,2024-02-04,17382.67,COGS,USD,POSTED
TXN00828,ACC104,2024-02-04,17412.96,Revenue,USD,POSTED
TXN00829,ACC149,2024-02-04,36901.31,AR,USD,POSTED
TXN00830,ACC141,2024-02-04,22665.68,COGS,GBP,POSTED
TXN00831,ACC102,2024-02-04,11307.78,OpEx,USD,POSTED
TXN00832,ACC148,2024-02-04,22676.73,Revenue,GBP,POSTED
TXN00833,ACC101,2024-02-04,7128.77,Revenue,EUR,POSTED
TXN00834,ACC115,2024-02-04,8901.71,Revenue,USD,POSTED
TXN00835,ACC112,2024-02-04,24968.55,OpEx,USD,POSTED
TXN00836,ACC101,2024-02-04,21004.38,OpEx,EUR,POSTED
TXN00837,ACC139,2024-02-04,45750.81,Tax,USD,POSTED
TXN00838,ACC109,2024-02-04,18183.46,COGS,GBP,POSTED
TXN00839,ACC115,2024-02-04,29071.36,Tax,GBP,POSTED
TXN00840,ACC108,2024-02-04,31649.99,COGS,USD,POSTED
TXN00841,ACC130,2024-02-05,753.41,OpEx,USD,POSTED
TXN00842,ACC142,2024-02-05,33210.51,OpEx,GBP,POSTED
TXN00843,ACC107,2024-02-05,8983.99,Tax,USD,POSTED
TXN00844,ACC136,2024-02-05,48057.41,AR,USD,POSTED
TXN00845,ACC113,2024-02-05,7518.27,Tax,USD,POSTED
TXN00846,ACC129,2024-02-05,20789.74,COGS,USD,POSTED
TXN00847,ACC144,2024-02-05,4358.95,Tax,GBP,POSTED
TXN00848,ACC116,2024-02-05,49844.03,Revenue,EUR,POSTED
TXN00849,ACC149,2024-02-05,25159.53,COGS,USD,POSTED
TXN00850,ACC123,2024-02-05,29809.71,COGS,USD,POSTED
TXN00851,ACC110,2024-02-05,3447.12,AR,USD,POSTED
TXN00852,ACC138,2024-02-05,37523.03,OpEx,EUR,POSTED
TXN00853,ACC138,2024-02-05,10574.29,COGS,USD,POSTED
TXN00854,ACC147,2024-02-05,44912.91,OpEx,USD,POSTED
TXN00855,ACC145,2024-02-05,10336.47,Tax,USD,POSTED
TXN00856,ACC107,2024-02-05,9615.32,Revenue,USD,POSTED
TXN00857,ACC149,2024-02-05,1923.83,AR,GBP,POSTED
TXN00858,ACC110,2024-02-05,23656.14,OpEx,USD,POSTED
TXN00859,ACC119,2024-02-05,28285.57,COGS,USD,POSTED
TXN00860,ACC106,2024-02-05,3378.86,OpEx,USD,POSTED
TXN00861,ACC137,2024-02-05,38798.83,COGS,GBP,POSTED
TXN00863,ACC119,2024-02-05,26267.07,COGS,USD,POSTED
TXN00864,ACC136,2024-02-05,22094.06,Tax,USD,POSTED
TXN00866,ACC124,2024-02-06,28026.05,COGS,USD,POSTED
TXN00867,ACC125,2024-02-06,7846.49,Revenue,USD,POSTED
TXN00868,ACC145,2024-02-06,9178.21,COGS,USD,POSTED
TXN00869,ACC112,2024-02-06,43103.1,Revenue,EUR,POSTED
TXN00870,ACC104,2024-02-06,47311.16,AR,USD,POSTED
TXN00871,ACC137,2024-02-06,18728.13,Revenue,EUR,POSTED
TXN00872,ACC144,2024-02-06,13610.16,Tax,USD,POSTED
TXN00873,ACC140,2024-02-06,32235.58,Revenue,USD,POSTED
TXN00874,ACC115,2024-02-06,20495.84,AR,USD,POSTED
TXN00875,ACC106,2024-02-06,1366.78,Tax,EUR,POSTED
TXN00876,ACC144,2024-02-06,7892.01,OpEx,USD,POSTED
TXN00877,ACC149,2024-02-06,35827.01,OpEx,EUR,POSTED
TXN00878,ACC119,2024-02-06,32980.3,Revenue,EUR,POSTED
TXN00879,ACC143,2024-02-06,1452.09,Revenue,USD,POSTED
TXN00880,ACC138,2024-02-06,11176.41,AR,EUR,POSTED
TXN00881,ACC107,2024-02-06,11630.63,AR,EUR,POSTED
TXN00882,ACC150,2024-02-06,33627.45,COGS,USD,POSTED
TXN00883,ACC136,2024-02-06,1083.56,AR,USD,POSTED
TXN00884,ACC150,2024-02-06,5295.02,COGS,GBP,POSTED
TXN00885,ACC102,2024-02-06,40015.81,Tax,USD,POSTED
TXN00886,ACC122,2024-02-06,9009.38,Revenue,EUR,POSTED
TXN00887,ACC134,2024-02-06,32672.03,Tax,GBP,POSTED
TXN00889,ACC142,2024-02-07,5062.13,Tax,USD,POSTED
TXN00890,ACC123,2024-02-07,14069.4335,Tax,USD,POSTED
TXN00891,ACC104,2024-02-07,36141.12,Tax,USD,POSTED
TXN00892,ACC132,2024-02-07,42799.25,AR,USD,POSTED
TXN00893,ACC141,2024-02-07,41527.97,Tax,USD,POSTED
TXN00895,ACC100,2024-02-07,33437.45,AR,EUR,POSTED
TXN00896,ACC126,2024-02-07,10328.72,Tax,EUR,POSTED
TXN00897,ACC131,2024-02-07,14728.07,AR,USD,POSTED
TXN00898,ACC106,2024-02-07,44827.16,OpEx,USD,POSTED
TXN00899,ACC127,2024-02-07,748.8,COGS,USD,POSTED
TXN00900,ACC123,2024-02-07,4366.88,Tax,USD,POSTED
TXN00901,ACC140,2024-02-07,10473.52,OpEx,GBP,POSTED
TXN00902,ACC129,2024-02-07,1423.96,OpEx,EUR,POSTED
TXN00903,ACC145,2024-02-07,9153.63,AR,EUR,POSTED
TXN00905,ACC127,2024-02-07,21129.09,COGS,USD,POSTED
TXN00906,ACC111,2024-02-07,44644.32,COGS,EUR,POSTED
TXN00907,ACC146,2024-02-07,40890.43,Revenue,USD,POSTED
TXN00908,ACC133,2024-02-07,17156.69,COGS,GBP,POSTED
TXN00910,ACC117,2024-02-07,19046.65,COGS,EUR,POSTED
TXN00911,ACC139,2024-02-07,29555.72,AR,EUR,POSTED
TXN00912,ACC134,2024-02-07,13476.38,Revenue,USD,POSTED
TXN00913,ACC149,2024-02-08,31245.03,OpEx,USD,POSTED
TXN00914,ACC130,2024-02-08,20529.64,Revenue,EUR,POSTED
TXN00915,ACC129,2024-02-08,27647.15,OpEx,USD,POSTED
TXN00916,ACC127,2024-02-08,21862.71,AR,USD,POSTED
TXN00917,ACC146,2024-02-08,14793.84,Revenue,USD,POSTED
TXN00919,ACC117,2024-02-08,38203.93,OpEx,EUR,POSTED
TXN00920,ACC120,2024-02-08,7091.65,Tax,USD,POSTED
TXN00921,ACC115,2024-02-08,43436.55,Revenue,USD,POSTED
TXN00922,ACC105,2024-02-08,24422.82,Tax,USD,POSTED
TXN00923,ACC117,2024-02-08,44738.16,UNKNOWN,USD,POSTED
TXN00924,ACC128,2024-02-08,40012.78,Revenue,USD,POSTED
TXN00925,ACC115,2024-02-08,21318.15,AR,USD,POSTED
TXN00926,ACC148,2024-02-08,1221.22,Tax,USD,POSTED
TXN00927,ACC129,2024-02-08,13507.0,Tax,USD,POSTED
TXN00928,ACC136,2024-02-08,27127.55,AR,EUR,POSTED
TXN00929,ACC139,2024-02-08,31710.56,Tax,USD,POSTED
TXN00930,ACC142,2024-02-08,12968.6,Tax,USD,POSTED
TXN00931,ACC124,2024-02-08,7053.87,Tax,USD,POSTED
TXN00932,ACC121,2024-02-08,41763.02,COGS,USD,POSTED
TXN00933,ACC101,2024-02-08,49221.67,AR,USD,POSTED
TXN00934,ACC131,2024-02-08,26331.94,Tax,USD,POSTED
TXN00935,ACC120,2024-02-08,8666.8,AR,EUR,POSTED
TXN00936,ACC111,2024-02-08,13688.14,OpEx,USD,POSTED
TXN00937,ACC131,2024-02-09,1017.69,OpEx,USD,POSTED
TXN00938,ACC113,2024-02-09,45723.51,Tax,EUR,POSTED
TXN00939,ACC122,2024-02-09,5975.78,AR,USD,POSTED
TXN00940,ACC116,2024-02-09,28868.17,AR,USD,POSTED
TXN00941,ACC121,2024-02-09,13775.36,AR,USD,POSTED
TXN00942,ACC117,2024-02-09,27753.48,COGS,USD,POSTED
TXN00943,ACC138,2024-02-09,32605.88,OpEx,EUR,POSTED
TXN00944,ACC144,2024-02-09,41504.12,AR,EUR,POSTED
TXN00945,ACC117,2024-02-09,10400.42,AR,GBP,POSTED
TXN00946,ACC135,2024-02-09,648.69,COGS,USD,POSTED
TXN00947,ACC100,2024-02-09,6930.59,COGS,USD,POSTED
TXN00948,ACC133,2024-02-09,45010.93,AR,USD,POSTED
TXN00949,ACC112,2024-02-09,43707.11,Revenue,USD,POSTED
TXN00950,ACC105,2024-02-09,29910.91,AR,USD,POSTED
TXN00951,ACC115,2024-02-09,30065.79,AR,GBP,POSTED
TXN00952,ACC146,2024-02-09,33285.33,COGS,USD,POSTED
TXN00953,ACC126,2024-02-09,8851.03,COGS,USD,POSTED
TXN00954,ACC131,2024-02-09,45729.16,AR,USD,POSTED
TXN00955,ACC135,2024-02-09,20996.65,AR,USD,POSTED
TXN00956,ACC148,2024-02-09,19218.61,AR,USD,POSTED
TXN00957,ACC115,2024-02-09,25993.99,COGS,EUR,POSTED
TXN00958,ACC144,2024-02-09,2443.6,AR,USD,POSTED
TXN00959,ACC130,2024-02-09,8397.54,AR,EUR,POSTED
TXN00960,ACC141,2024-02-09,36927.88,Tax,USD,POSTED
TXN00961,ACC145,2024-02-10,4231.65,Revenue,EUR,POSTED
TXN00962,ACC131,2024-02-10,30197.29,OpEx,EUR,POSTED
TXN00963,ACC128,2024-02-10,12342.92,Revenue,USD,POSTED
TXN00964,ACC150,2024-02-10,19525.85,Tax,USD,POSTED
TXN00965,ACC101,2024-02-10,14505.82,OpEx,GBP,POSTED
TXN00966,ACC105,2024-02-10,17848.07,AR,USD,POSTED
TXN00967,ACC118,2024-02-10,35980.39,Tax,GBP,POSTED
TXN00968,ACC114,2024-02-10,14926.37,AR,USD,POSTED
TXN00969,ACC125,2024-02-10,28363.59,COGS,USD,POSTED
TXN00970,ACC144,2024-02-10,23854.92,Tax,EUR,POSTED
TXN00971,ACC115,2024-02-10,33217.19,UNKNOWN,GBP,POSTED
TXN00972,ACC119,2024-02-10,46847.8,Tax,USD,POSTED
TXN00973,ACC142,2024-02-10,36655.35,Tax,EUR,POSTED
TXN00974,ACC137,2024-02-10,10825.52,COGS,USD,POSTED
TXN00975,ACC123,2024-02-10,1656.04,OpEx,USD,POSTED
TXN00976,ACC130,2024-02-10,13186.98,Revenue,USD,POSTED
TXN00977,ACC135,2024-02-10,29794.39,AR,USD,POSTED
TXN00978,ACC133,2024-02-10,2666.15,Tax,GBP,POSTED
TXN00979,ACC122,2024-02-10,24868.68,AR,USD,POSTED
TXN00980,ACC127,2024-02-10,29882.46,COGS,USD,POSTED
TXN00981,ACC147,2024-02-10,16778.77,AR,USD,POSTED
TXN00982,ACC135,2024-02-10,38568.52,COGS,USD,POSTED
TXN00983,ACC121,2024-02-10,5419.25,AR,USD,POSTED
TXN00984,ACC122,2024-02-10,3849.38,Revenue,EUR,POSTED
TXN00985,ACC144,2024-02-11,36436.62,Revenue,USD,POSTED
TXN00986,ACC129,2024-02-11,24825.02,Revenue,GBP,POSTED
TXN00987,ACC117,2024-02-11,34451.28,Revenue,GBP,POSTED
TXN00988,ACC119,2024-02-11,21797.88,Revenue,USD,POSTED
TXN00989,ACC116,2024-02-11,12395.46,Revenue,GBP,POSTED
TXN00990,ACC114,2024-02-11,40973.21,COGS,EUR,POSTED
TXN00991,ACC107,2024-02-11,39990.85,Tax,USD,POSTED
TXN00992,ACC146,2024-02-11,34765.35,AR,USD,POSTED
TXN00993,ACC112,2024-02-11,13680.04,Revenue,USD,POSTED
TXN00994,ACC120,2024-02-11,29552.51,COGS,USD,POSTED
TXN00995,ACC107,2024-02-11,18112.6,COGS,EUR,POSTED
TXN00997,ACC134,2024-02-11,45873.95,Tax,EUR,POSTED
TXN00998,ACC148,2024-02-11,6927.25,AR,USD,POSTED
TXN00999,ACC144,2024-02-11,47516.84,Tax,USD,POSTED
TXN01000,ACC111,2024-02-11,22355.69,OpEx,GBP,POSTED
TXN00284,ACC130,2024-01-12,4789.7,AR,USD,POSTED
TXN00036,ACC100,2024-01-02,40439.03,AR,GBP,POSTED
TXN00056,ACC146,2024-01-03,46101.52,COGS,USD,POSTED
TXN00206,ACC120,2024-01-09,558.93,COGS,EUR,POSTED
TXN00730,ACC118,2024-01-31,8266.43,COGS,USD,POSTED
TXN00438,ACC142,2024-01-19,41110.82,Tax,USD,POSTED
TXN00550,ACC132,2024-01-23,38638.69,COGS,EUR,POSTED
TXN00640,ACC150,2024-01-27,18926.48,Tax,USD,POSTED
TXN00308,ACC112,2024-01-13,16215.53,Revenue,USD,POSTED
TXN00659,ACC101,2024-01-28,32331.27,OpEx,USD,POSTED
TXN00942,ACC117,2024-02-09,27753.48,COGS,USD,POSTED
TXN00496,ACC102,2024-01-21,17732.28,Tax,USD,POSTED
TXN00810,ACC129,2024-02-03,5750.58,Tax,USD,POSTED
TXN00691,ACC103,2024-01-29,16251.59,Tax,USD,POSTED
TXN00745,ACC104,2024-02-01,11687.41,OpEx,EUR,POSTED
TXN00471,ACC116,2024-01-20,706.51,Revenue,USD,POSTED
TXN00128,ACC129,2024-01-06,43050.46,AR,USD,POSTED
TXN00372,ACC105,2024-01-16,1009.27,COGS,EUR,POSTED
TXN00781,ACC101,2024-02-02,34728.03,Tax,EUR,POSTED
TXN00302,ACC125,2024-01-13,26614.6,Tax,USD,POSTED
